{
    "lr": 0.00033177889461212783,
    "dropout": 0.41598205390281845,
    "fc1_size": 512,
    "num_blocks": 4,
    "base_filters": 64
}